butter,rice,apple,bread,beef
eggs,butter,diapers,bread
yogurt,butter,rice,apple,chicken,diapers,juice
chips,bread,milk,eggs,cheese,banana,beef,tea
yogurt,butter,chicken,fish,milk,cheese,banana,beef
butter,bread,fish,eggs,beer,diapers,cheese
cereal,eggs,beer,beef,tea
cereal,butter,banana
cola,juice,butter,beef
yogurt,butter,bread,fish,diapers,cheese,coffee,juice
butter,bread,fish,diapers,beer
fish,diapers,beer,cheese,beef
chips,apple,eggs,diapers,beer
butter,bread,fish,cereal,beer,diapers,cheese
butter,rice,bread,apple,chicken,beer,diapers
yogurt,butter,bread,chicken,cheese,juice,tea
cola,butter,chips,bread,milk,beef,tea
cola,butter,chips,apple,fish,milk,beef
cola,cereal,diapers
yogurt,butter,bread,fish,beer,banana,juice,beef
butter,apple,bread,fish,milk,diapers,beer,cheese
butter,bread,apple,diapers,beer
butter,rice,apple,chicken,banana
cola,butter,rice,chicken,cheese,juice
yogurt,butter,chips,bread,cereal,beer,cheese
cola,butter,bread,diapers,coffee,banana
cola,butter,bread,cereal,beer,diapers
cola,butter,apple,bread,beer,diapers,cheese,coffee,tea
butter,chips,bread,cereal,milk,diapers,beer,tea
cola,juice,beer,chicken
fish,milk,eggs,beer,diapers,cheese,juice
butter,bread,fish,cereal,milk,beef
yogurt,rice,chicken,diapers,beer
juice,diapers,milk
butter,bread,diapers,cheese,coffee
cereal,cheese,yogurt,fish
cola,beef,bread,chicken
cereal,beer,bread,chicken
cola,butter,rice,apple,bread,cereal,milk,beef,tea
cola,cereal,butter,chicken
